{"cameraMode":{"drawMode":0,"name":"Shaded","section":"Shading Mode"},"sceneLighting":false,"audioPlay":false,"sceneViewState":{"showFog":true,"showMaterialUpdate":true,"showSkybox":true,"showFlares":true,"showImageEffects":true,"showParticleSystems":true},"in2DMode":false,"pivot":{"x":1.9700000286102296,"y":0.0,"z":-1.2200000286102296},"rotation":{"x":-0.09914929419755936,"y":-0.00778001407161355,"z":0.0007753673708066344,"w":-0.9950419068336487},"size":1.383050799369812,"orthographic":false}