{"cameraMode":{"drawMode":0,"name":"Shaded","section":"Shading Mode"},"sceneLighting":false,"audioPlay":false,"sceneViewState":{"showFog":true,"showMaterialUpdate":true,"showSkybox":true,"showFlares":true,"showImageEffects":true,"showParticleSystems":true},"in2DMode":false,"pivot":{"x":-0.28364288806915285,"y":-13.741931915283204,"z":7.74320125579834},"rotation":{"x":-0.08330157399177551,"y":0.02060757763683796,"z":-0.0017230595694854856,"w":-0.9963098168373108},"size":282.86663818359377,"orthographic":false}