{"cameraMode":{"drawMode":0,"name":"Shaded","section":"Shading Mode"},"sceneLighting":true,"audioPlay":false,"sceneViewState":{"showFog":true,"showMaterialUpdate":true,"showSkybox":true,"showFlares":true,"showImageEffects":true,"showParticleSystems":true},"in2DMode":false,"pivot":{"x":-28.87918472290039,"y":1.1363213062286378,"z":-21.43779754638672},"rotation":{"x":-0.01798284240067005,"y":-0.005072969011962414,"z":-0.00009140111797023565,"w":0.9998254179954529},"size":6.646363258361816,"orthographic":false}