{"cameraMode":{"drawMode":0,"name":"Shaded","section":"Shading Mode"},"sceneLighting":false,"audioPlay":false,"sceneViewState":{"showFog":true,"showMaterialUpdate":true,"showSkybox":true,"showFlares":true,"showImageEffects":true,"showParticleSystems":true},"in2DMode":false,"pivot":{"x":1.049338698387146,"y":9.264243125915528,"z":-0.40162086486816409},"rotation":{"x":-0.07582244277000427,"y":-0.023348404094576837,"z":0.001775918761268258,"w":-0.9968464374542236},"size":8.536561012268067,"orthographic":false}