{"cameraMode":{"drawMode":0,"name":"Shaded","section":"Shading Mode"},"sceneLighting":false,"audioPlay":false,"sceneViewState":{"showFog":true,"showMaterialUpdate":true,"showSkybox":true,"showFlares":true,"showImageEffects":true,"showParticleSystems":true},"in2DMode":false,"pivot":{"x":-29.061573028564454,"y":-5.759385585784912,"z":-0.058087944984436038},"rotation":{"x":-0.010171483270823956,"y":-0.09045838564634323,"z":0.0009243154199793935,"w":-0.9958478808403015},"size":1.481703519821167,"orthographic":false}