{"cameraMode":{"drawMode":0,"name":"Shaded","section":"Shading Mode"},"sceneLighting":false,"audioPlay":false,"sceneViewState":{"showFog":true,"showMaterialUpdate":true,"showSkybox":true,"showFlares":true,"showImageEffects":true,"showParticleSystems":true},"in2DMode":false,"pivot":{"x":0.20309972763061524,"y":0.7691580653190613,"z":-2.5524914264678957},"rotation":{"x":-0.10719441622495651,"y":-0.016721060499548913,"z":0.0018030417850241066,"w":-0.9940958619117737},"size":0.00005715767838410102,"orthographic":false}